{"cameraMode":{"drawMode":0,"name":"Shaded","section":"Shading Mode"},"sceneLighting":false,"audioPlay":false,"sceneViewState":{"m_AlwaysRefresh":false,"showFog":true,"showSkybox":false,"showFlares":true,"showImageEffects":true,"showParticleSystems":true,"showVisualEffectGraphs":true,"m_FxEnabled":true},"in2DMode":false,"pivot":{"x":-0.5078030824661255,"y":0.3965647518634796,"z":0.8557052612304688},"rotation":{"x":-0.03933002054691315,"y":0.8660216331481934,"z":-0.06899429857730866,"w":-0.4936704933643341},"size":1.0939675569534302,"orthographic":false}